scene,mech,speed,active,status,progress,traversals,attempts,fallingLandings,maxAirSeconds,plantedFootError,solePenetration
flat-control,prototype,2,False,CROSSED,20.02335/20,0,0,0,0,6.288479E-05,3.051758E-05
flat-control,prototype,2,True,CROSSED,20.02335/20,0,0,0,0,6.29136E-05,3.051758E-05
flat-control,prototype,4,False,CROSSED,20.04146/20,0,0,0,0,6.29136E-05,3.051758E-05
flat-control,prototype,4,True,CROSSED,20.04146/20,0,0,0,0,6.288479E-05,3.051758E-05
flat-control,prototype,13.5,False,CROSSED,20.02175/20,0,0,0,0,6.315167E-05,3.051758E-05
flat-control,prototype,13.5,True,CROSSED,20.02175/20,0,0,0,0,6.315167E-05,3.051758E-05
flat-control,complete,2,False,CROSSED,20.02335/20,0,0,0,0,6.301922E-05,3.051758E-05
flat-control,complete,2,True,CROSSED,20.02335/20,0,0,0,0,6.293926E-05,3.051758E-05
flat-control,complete,4,False,CROSSED,20.04146/20,0,0,0,0,6.300403E-05,3.051758E-05
flat-control,complete,4,True,CROSSED,20.04146/20,0,0,0,0,6.299523E-05,3.051758E-05
flat-control,complete,13.5,False,CROSSED,20.02175/20,0,0,0,0,6.302354E-05,3.051758E-05
flat-control,complete,13.5,True,CROSSED,20.02175/20,0,0,0,0,6.29996E-05,3.051758E-05
shallow-dense-0.15m,prototype,2,False,CROSSED,20.02247/20,0,0,2,0.02,6.394823E-05,6.103516E-05
shallow-dense-0.15m,prototype,2,True,CROSSED,20.02264/20,0,0,2,0.02,6.588684E-05,6.103516E-05
shallow-dense-0.15m,prototype,4,False,CROSSED,20.01378/20,0,0,1,0.02,6.303097E-05,3.051758E-05
shallow-dense-0.15m,prototype,4,True,CROSSED,20.01378/20,0,0,1,0.02,6.303097E-05,3.051758E-05
shallow-dense-0.15m,prototype,13.5,False,CROSSED,20.00065/20,0,0,1,0.02,6.394934E-05,6.103516E-05
shallow-dense-0.15m,prototype,13.5,True,CROSSED,20.03001/20,0,0,0,0,6.193244E-05,3.051758E-05
shallow-dense-0.15m,complete,2,False,CROSSED,20.03436/20,0,0,2,0.02,7.056587E-05,3.051758E-05
shallow-dense-0.15m,complete,2,True,CROSSED,20.03453/20,0,0,2,0.02,7.05934E-05,3.051758E-05
shallow-dense-0.15m,complete,4,False,CROSSED,20.02851/20,0,0,0,0,6.443656E-05,3.051758E-05
shallow-dense-0.15m,complete,4,True,CROSSED,20.02851/20,0,0,0,0,6.443656E-05,3.051758E-05
shallow-dense-0.15m,complete,13.5,False,CROSSED,20.04744/20,0,0,1,0.02,6.56535E-05,6.103516E-05
shallow-dense-0.15m,complete,13.5,True,CROSSED,20.01509/20,0,0,0,0,6.55378E-05,6.103516E-05
dense-0.30m,prototype,2,False,STOPPED,4.248909/20,0,0,1,0.02,0.0005122899,3.051758E-05
dense-0.30m,prototype,2,True,STOPPED,4.248909/20,0,0,1,0.02,0.0005122899,3.051758E-05
dense-0.30m,prototype,4,False,STOPPED,4.445596/20,0,0,1,0.02,6.288479E-05,3.051758E-05
dense-0.30m,prototype,4,True,STOPPED,4.445596/20,0,0,1,0.02,6.288479E-05,3.051758E-05
dense-0.30m,prototype,13.5,False,STOPPED,4.311873/20,0,0,22,0.24,6.384047E-05,3.051758E-05
dense-0.30m,prototype,13.5,True,STOPPED,4.311873/20,0,0,22,0.24,6.384047E-05,3.051758E-05
dense-0.30m,complete,2,False,LOST_SUPPORT,3.880108/20,0,0,0,4.62,6.301922E-05,3.051758E-05
dense-0.30m,complete,2,True,LOST_SUPPORT,3.771468/20,0,0,0,3.64,5.140772E-05,3.051758E-05
dense-0.30m,complete,4,False,STOPPED,3.763221/20,0,0,1,0.24,5.141294E-05,3.051758E-05
dense-0.30m,complete,4,True,STOPPED,3.763221/20,0,0,1,0.24,5.151362E-05,3.051758E-05
dense-0.30m,complete,13.5,False,TIMEOUT,3.771482/20,0,0,1,0.02,5.136527E-05,3.051758E-05
dense-0.30m,complete,13.5,True,TIMEOUT,3.771482/20,0,0,1,0.02,5.13124E-05,3.051758E-05
overlapping-0.60m,prototype,2,False,LOST_SUPPORT,4.110418/20,0,0,47,0.02,6.288479E-05,3.051758E-05
overlapping-0.60m,prototype,2,True,LOST_SUPPORT,4.110418/20,0,0,47,0.02,6.288479E-05,3.051758E-05
overlapping-0.60m,prototype,4,False,TIMEOUT,3.745045/20,0,0,0,0,6.288479E-05,3.051758E-05
overlapping-0.60m,prototype,4,True,TIMEOUT,3.745045/20,0,0,0,0,6.294262E-05,3.051758E-05
overlapping-0.60m,prototype,13.5,False,TIMEOUT,3.496503/20,0,0,0,0,6.294262E-05,3.051758E-05
overlapping-0.60m,prototype,13.5,True,TIMEOUT,3.496503/20,0,0,0,0,6.294262E-05,3.051758E-05
overlapping-0.60m,complete,2,False,LOST_SUPPORT,3.596233/20,0,0,0,4.06,6.301922E-05,3.051758E-05
overlapping-0.60m,complete,2,True,LOST_SUPPORT,3.597714/20,0,0,0,4.06,6.140091E-05,3.051758E-05
overlapping-0.60m,complete,4,False,LOST_SUPPORT,3.58323/20,0,0,0,4.6,6.383388E-05,3.051758E-05
overlapping-0.60m,complete,4,True,LOST_SUPPORT,3.603498/20,0,0,0,4.66,6.383388E-05,3.051758E-05
overlapping-0.60m,complete,13.5,False,TIMEOUT,3.630814/20,0,0,1,0.02,6.325244E-05,3.051758E-05
overlapping-0.60m,complete,13.5,True,TIMEOUT,3.630814/20,0,0,1,0.02,6.325244E-05,3.051758E-05
deep-steep-1.00m,prototype,2,False,STOPPED,4.52921/20,0,0,0,0,6.288479E-05,3.051758E-05
deep-steep-1.00m,prototype,2,True,STOPPED,4.536612/20,0,0,0,0,3.800557E-05,3.051758E-05
deep-steep-1.00m,prototype,4,False,STOPPED,4.40972/20,0,0,0,0,6.193011E-05,3.051758E-05
deep-steep-1.00m,prototype,4,True,STOPPED,4.40972/20,0,0,0,0,6.193011E-05,3.051758E-05
deep-steep-1.00m,prototype,13.5,False,STOPPED,4.570399/20,0,0,0,0,4.110509E-05,3.051758E-05
deep-steep-1.00m,prototype,13.5,True,STOPPED,4.570395/20,0,0,0,0,6.288479E-05,3.051758E-05
deep-steep-1.00m,complete,2,False,LOST_SUPPORT,4.658832/20,0,0,0,4.42,6.301922E-05,3.051758E-05
deep-steep-1.00m,complete,2,True,LOST_SUPPORT,4.650601/20,0,0,0,3.72,6.301922E-05,3.051758E-05
deep-steep-1.00m,complete,4,False,LOST_SUPPORT,4.638244/20,0,0,0,3.94,6.545361E-05,3.051758E-05
deep-steep-1.00m,complete,4,True,LOST_SUPPORT,4.56658/20,0,0,0,3.76,6.299091E-05,3.051758E-05
deep-steep-1.00m,complete,13.5,False,LOST_SUPPORT,4.441163/20,0,0,0,4.44,6.30279E-05,3.051758E-05
deep-steep-1.00m,complete,13.5,True,LOST_SUPPORT,4.63946/20,0,0,0,3.48,7.059898E-05,3.051758E-05
wide-deep-1.50m,prototype,2,False,LOST_SUPPORT,4.292058/20,0,0,0,4.18,6.288479E-05,3.051758E-05
wide-deep-1.50m,prototype,2,True,LOST_SUPPORT,4.291953/20,0,0,0,4.18,6.288479E-05,3.051758E-05
wide-deep-1.50m,prototype,4,False,LOST_SUPPORT,4.381943/20,0,0,0,4.52,6.288479E-05,3.051758E-05
wide-deep-1.50m,prototype,4,True,LOST_SUPPORT,4.375678/20,0,0,0,4.52,6.288479E-05,3.051758E-05
wide-deep-1.50m,prototype,13.5,False,LOST_SUPPORT,4.346916/20,0,0,0,4.52,6.384047E-05,3.051758E-05
wide-deep-1.50m,prototype,13.5,True,LOST_SUPPORT,4.885544/20,0,0,0,5.72,6.384066E-05,3.051758E-05
wide-deep-1.50m,complete,2,False,LOST_SUPPORT,4.887843/20,0,0,0,3.68,6.431783E-05,3.051758E-05
wide-deep-1.50m,complete,2,True,LOST_SUPPORT,4.876852/20,0,0,0,3.58,6.30279E-05,3.051758E-05
wide-deep-1.50m,complete,4,False,LOST_SUPPORT,5.02322/20,0,0,0,3.5,6.382864E-05,3.051758E-05
wide-deep-1.50m,complete,4,True,LOST_SUPPORT,5.020923/20,0,0,0,3.5,6.382864E-05,3.051758E-05
wide-deep-1.50m,complete,13.5,False,LOST_SUPPORT,4.648722/20,0,0,0,4.36,6.299523E-05,3.051758E-05
wide-deep-1.50m,complete,13.5,True,LOST_SUPPORT,4.688441/20,0,0,0,4.34,6.537687E-05,3.051758E-05
broken-rim-0.30m,prototype,2,False,STOPPED,2.574774/20,0,0,1,0.02,6.288479E-05,3.051758E-05
broken-rim-0.30m,prototype,2,True,STOPPED,2.574774/20,0,0,1,0.02,6.294262E-05,3.051758E-05
broken-rim-0.30m,prototype,4,False,STOPPED,3.097552/20,0,0,0,0,6.294262E-05,3.051758E-05
broken-rim-0.30m,prototype,4,True,STOPPED,2.821916/20,0,0,1,0.02,6.427415E-05,3.051758E-05
broken-rim-0.30m,prototype,13.5,False,LOST_SUPPORT,2.959105/20,0,0,0,3.36,6.288479E-05,3.051758E-05
broken-rim-0.30m,prototype,13.5,True,LOST_SUPPORT,2.95908/20,0,0,0,3.36,6.294262E-05,3.051758E-05
broken-rim-0.30m,complete,2,False,STOPPED,2.2441/20,0,0,1,0.02,6.301922E-05,3.051758E-05
broken-rim-0.30m,complete,2,True,STOPPED,2.2441/20,0,0,1,0.02,6.143875E-05,3.051758E-05
broken-rim-0.30m,complete,4,False,LOST_SUPPORT,2.18991/20,0,0,0,4.3,6.273448E-05,6.103516E-05
broken-rim-0.30m,complete,4,True,LOST_SUPPORT,2.190784/20,0,0,0,4.3,6.273448E-05,6.103516E-05
broken-rim-0.30m,complete,13.5,False,LOST_SUPPORT,2.998686/20,0,0,0,3.36,6.197656E-05,3.051758E-05
broken-rim-0.30m,complete,13.5,True,LOST_SUPPORT,2.207126/20,0,0,0,3.34,6.459749E-05,3.051758E-05
native-before-blasts,prototype,2,False,CROSSED,24.03852/24,0,0,0,0,1.705985E-05,0
native-before-blasts,prototype,2,True,CROSSED,24.03836/24,0,0,0,0,1.706359E-05,0
native-before-blasts,prototype,4,False,CROSSED,24.02605/24,0,0,0,0,1.705985E-05,0
native-before-blasts,prototype,4,True,CROSSED,24.02605/24,0,0,0,0,1.705985E-05,0
native-before-blasts,prototype,13.5,False,LOST_SUPPORT,18.64238/24,0,0,0,4.44,1.685199E-05,0
native-before-blasts,prototype,13.5,True,CROSSED,24.05828/24,0,0,1,0.02,1.706651E-05,0
native-before-blasts,complete,2,False,CROSSED,24.03693/24,0,0,0,0,2.299751E-05,3.814697E-06
native-before-blasts,complete,2,True,CROSSED,24.03697/24,0,0,0,0,2.322349E-05,0
native-before-blasts,complete,4,False,CROSSED,24.01548/24,0,0,0,0,2.296752E-05,0
native-before-blasts,complete,4,True,CROSSED,24.01548/24,0,0,0,0,2.296752E-05,0
native-before-blasts,complete,13.5,False,CROSSED,24.02672/24,0,0,1,0.02,2.195555E-05,3.814697E-06
native-before-blasts,complete,13.5,True,CROSSED,24.02672/24,0,0,1,0.02,2.195555E-05,3.814697E-06
native-after-7-missiles,prototype,2,False,CROSSED,24.03852/24,0,0,0,0,1.630032E-05,0
native-after-7-missiles,prototype,2,True,CROSSED,24.03836/24,0,0,0,0,1.665691E-05,0
native-after-7-missiles,prototype,4,False,CROSSED,24.02605/24,0,0,0,0,1.578792E-05,0
native-after-7-missiles,prototype,4,True,CROSSED,24.02605/24,0,0,0,0,1.57284E-05,0
native-after-7-missiles,prototype,13.5,False,LOST_SUPPORT,18.64238/24,0,0,0,4.44,1.57284E-05,0
native-after-7-missiles,prototype,13.5,True,CROSSED,24.05828/24,0,0,1,0.02,1.706151E-05,0
native-after-7-missiles,complete,2,False,CROSSED,24.03693/24,0,0,0,0,2.284872E-05,7.629395E-06
native-after-7-missiles,complete,2,True,CROSSED,24.03697/24,0,0,0,0,2.302807E-05,0
native-after-7-missiles,complete,4,False,CROSSED,24.01548/24,0,0,0,0,2.215241E-05,0
native-after-7-missiles,complete,4,True,CROSSED,24.01548/24,0,0,0,0,2.215241E-05,0
native-after-7-missiles,complete,13.5,False,CROSSED,24.02672/24,0,0,1,0.02,2.369867E-05,3.814697E-06
native-after-7-missiles,complete,13.5,True,CROSSED,24.02672/24,0,0,1,0.02,2.369867E-05,3.814697E-06
native-after-28-missiles,prototype,2,False,LOST_SUPPORT,3.162824/24,0,0,0,5.06,0.0005227025,0.0002479553
native-after-28-missiles,prototype,2,True,LOST_SUPPORT,3.074888/24,0,0,0,6.04,0.0005227025,0.0002479553
native-after-28-missiles,prototype,4,False,LOST_SUPPORT,2.959879/24,0,0,0,4.6,1.621422E-05,0
native-after-28-missiles,prototype,4,True,LOST_SUPPORT,2.959998/24,0,0,0,4.6,1.621422E-05,0
native-after-28-missiles,prototype,13.5,False,LOST_SUPPORT,2.95993/24,0,0,0,4.6,1.621422E-05,0
native-after-28-missiles,prototype,13.5,True,LOST_SUPPORT,2.96002/24,0,0,0,4.6,1.621422E-05,0
native-after-28-missiles,complete,2,False,LOST_SUPPORT,3.45089/24,0,0,0,3.2,1.79195E-05,7.629395E-06
native-after-28-missiles,complete,2,True,LOST_SUPPORT,3.45089/24,0,0,0,3.2,1.79195E-05,0
native-after-28-missiles,complete,4,False,LOST_SUPPORT,3.456843/24,0,0,0,3.24,1.950958E-05,3.814697E-06
native-after-28-missiles,complete,4,True,LOST_SUPPORT,3.456843/24,0,0,0,3.24,1.950958E-05,3.814697E-06
native-after-28-missiles,complete,13.5,False,LOST_SUPPORT,3.456843/24,0,0,0,3.24,1.950958E-05,3.814697E-06
native-after-28-missiles,complete,13.5,True,LOST_SUPPORT,3.456843/24,0,0,0,3.24,1.950958E-05,3.814697E-06
native-after-112-missiles,prototype,2,False,STOPPED,2.565079/24,0,0,9,0.42,0.0006139774,0
native-after-112-missiles,prototype,2,True,STOPPED,2.565079/24,0,0,9,0.42,0.0006139774,0
native-after-112-missiles,prototype,4,False,STOPPED,2.582242/24,0,0,9,0.42,0.0006139774,0
native-after-112-missiles,prototype,4,True,STOPPED,2.582242/24,0,0,9,0.42,0.0006139774,0
native-after-112-missiles,prototype,13.5,False,TIMEOUT,2.590175/24,0,0,9,0.42,0.0006139774,0
native-after-112-missiles,prototype,13.5,True,TIMEOUT,2.590175/24,0,0,9,0.42,0.0006139774,0
native-after-112-missiles,complete,2,False,STOPPED,1.912373/24,0,0,1,0.34,1.696839E-05,1.144409E-05
native-after-112-missiles,complete,2,True,STOPPED,1.714581/24,0,0,1,0.34,1.690756E-05,1.144409E-05
native-after-112-missiles,complete,4,False,STOPPED,1.930126/24,0,0,1,0.34,1.873711E-05,1.144409E-05
native-after-112-missiles,complete,4,True,STOPPED,1.752114/24,0,0,1,0.34,1.873711E-05,1.144409E-05
native-after-112-missiles,complete,13.5,False,TIMEOUT,1.927612/24,0,0,1,0.34,1.869573E-05,1.144409E-05
native-after-112-missiles,complete,13.5,True,TIMEOUT,1.737334/24,0,0,1,0.34,1.617209E-05,1.144409E-05
