"Key","File","Type","UsedInMainMenu","english","schinese","tchinese"
"vehicleMD500","items","Item","","MD-500 轻型直升机","MD-500 轻型直升机","MD-500 輕型直升機"
"vehicleMD500placeable","items","Item","","MD-500 轻型直升机","MD-500 轻型直升机","MD-500 輕型直升機"
"vehicleMD500chassis","items","Item","","MD-500 机身","MD-500 机身","MD-500 機身"
"vehicleMD500accessories","items","Item","","MD-500 航电与旋翼组件","MD-500 航电与旋翼组件","MD-500 航電與旋翼組件"
"vehicleMD500chassisDesc","items","Item","","MD-500直升机的承力机身。车辆制作达到100级后，可在工作台制作。与航电及旋翼组件、发动机、电池和机械零件一起总装。","MD-500直升机的承力机身。车辆制作达到100级后，可在工作台制作。与航电及旋翼组件、发动机、电池和机械零件一起总装。","MD-500直升机的承力机身。车辆制作达到100级后，可在工作台制作。与航电及旋翼组件、发动机、电池和机械零件一起总装。"
"vehicleMD500accessoriesDesc","items","Item","","MD-500直升机的航电、旋翼与座舱组件。车辆制作达到100级后，可在工作台制作，用于直升机总装。","MD-500直升机的航电、旋翼与座舱组件。车辆制作达到100级后，可在工作台制作，用于直升机总装。","MD-500直升机的航电、旋翼与座舱组件。车辆制作达到100级后，可在工作台制作，用于直升机总装。"
"vehicleMD500placeableDesc","items","Item","","轻型运输直升机，在工作台总装。机身与航电组件需车辆制作100级解锁。默认空格上升、C下降、W前进、S制动或后退、A/D转向、Shift加速；飞行操作遵循游戏改键。使用汽油，无机载武器。","轻型运输直升机，在工作台总装。机身与航电组件需车辆制作100级解锁。默认空格上升、C下降、W前进、S制动或后退、A/D转向、Shift加速；飞行操作遵循游戏改键。使用汽油，无机载武器。","轻型运输直升机，在工作台总装。机身与航电组件需车辆制作100级解锁。默认空格上升、C下降、W前进、S制动或后退、A/D转向、Shift加速；飞行操作遵循游戏改键。使用汽油，无机载武器。"
"questRewardMD500PartsBundle","items","Item","","MD-500 直升机零件礼包","MD-500 直升机零件礼包","MD-500 直升機零件禮包"
"questRewardMD500PartsBundleDesc","items","Item","","打开后获得3本载具制作技能杂志、4个车轮、1份载具零件礼包，并随机获得1件MD-500机身或航电与旋翼组件。","打开后获得3本载具制作技能杂志、4个车轮、1份载具零件礼包，并随机获得1件MD-500机身或航电与旋翼组件。","打开后获得3本载具制作技能杂志、4个车轮、1份载具零件礼包，并随机获得1件MD-500机身或航电与旋翼组件。"
