armorPZAECHarrierHelmetT16,0,26.0,27.3,42.35126029621349
armorPZAECHarrierHelmetT16,1,3000.0,3150.0,4886.683880332326
armorPZAECHarrierHelmetT16,2,0.6499999999999999,0.6825000000000001,1.058781507405337
armorPZAECHarrierHelmetT16,3,0.3999999999999999,0.41999999999999993,0.6515578507109767
armorPZAECHarrierHelmetT16,4,0.19999999999999996,0.20999999999999996,0.32577892535548836
armorPZAECHarrierHelmetT16,5,31.25,33.140625,57.30547632658869
armorPZAECHarrierOutfitT16,0,34.0,35.7,55.38241731043303
armorPZAECHarrierOutfitT16,1,3000.0,3150.0,4886.683880332326
armorPZAECHarrierOutfitT16,2,100.0,105.0,162.8894626777442
armorPZAECHarrierOutfitT16,3,120.0,126.0,195.46735521329305
armorPZAECHarrierOutfitT16,4,12.0,12.600000000000001,19.546735521329303
armorPZAECHarrierGlovesT16,0,13.0,13.65,21.175630148106745
armorPZAECHarrierGlovesT16,1,3000.0,3150.0,4886.683880332326
armorPZAECHarrierGlovesT16,2,0.8,0.8400000000000001,1.3031157014219534
armorPZAECHarrierGlovesT16,3,0.6499999999999999,0.6825000000000001,1.058781507405337
armorPZAECHarrierGlovesT16,4,0.6499999999999999,0.6825000000000001,1.058781507405337
armorPZAECHarrierBootsT16,0,13.0,13.65,21.175630148106745
armorPZAECHarrierBootsT16,1,3000.0,3150.0,4886.683880332326
armorPZAECHarrierBootsT16,2,0.1200000000000001,0.1259999999999999,0.19546735521329306
armorPZAECHarrierBootsT16,3,60.0,63.0,97.73367760664652
armorPZAECHarrierBootsT16,4,1.2000000000000002,1.2599999999999998,1.9546735521329301
armorPZAECHarrierBootsT16,5,-0.4,-0.42000000000000004,-0.6515578507109768
armorPZAECHarrierHelmetT17,0,27.0,28.35,43.980154922990934
armorPZAECHarrierHelmetT17,1,4200.0,4410.0,6841.357432465256
armorPZAECHarrierHelmetT17,2,0.8500000000000001,0.8925000000000001,1.3845604327608259
armorPZAECHarrierHelmetT17,3,0.6000000000000001,0.6299999999999999,0.9773367760664651
armorPZAECHarrierHelmetT17,4,0.30000000000000004,0.31499999999999995,0.48866838803323254
armorPZAECHarrierHelmetT17,5,47.25,50.255624999999995,89.51420882522964
armorPZAECHarrierOutfitT17,0,35.0,36.75,57.01131193721047
armorPZAECHarrierOutfitT17,1,4200.0,4410.0,6841.357432465256
armorPZAECHarrierOutfitT17,2,160.0,168.0,260.62314028439073
armorPZAECHarrierOutfitT17,3,180.0,189.0,293.20103281993954
armorPZAECHarrierOutfitT17,4,16.0,16.8,26.062314028439072
armorPZAECHarrierGlovesT17,0,14.0,14.700000000000001,22.80452477488419
armorPZAECHarrierGlovesT17,1,4200.0,4410.0,6841.357432465256
armorPZAECHarrierGlovesT17,2,1.0499999999999998,1.1025,1.7103393581163142
armorPZAECHarrierGlovesT17,3,0.8500000000000001,0.8925000000000001,1.3845604327608259
armorPZAECHarrierGlovesT17,4,0.8500000000000001,0.8925000000000001,1.3845604327608259
armorPZAECHarrierBootsT17,0,14.0,14.700000000000001,22.80452477488419
armorPZAECHarrierBootsT17,1,4200.0,4410.0,6841.357432465256
armorPZAECHarrierBootsT17,2,0.15999999999999992,0.16799999999999993,0.2606231402843906
armorPZAECHarrierBootsT17,3,90.0,94.5,146.60051640996977
armorPZAECHarrierBootsT17,4,1.6,1.6800000000000002,2.6062314028439073
armorPZAECHarrierBootsT17,5,-0.5,-0.525,-0.814447313388721
armorPZAECHarrierHelmetT18,0,28.0,29.400000000000002,45.60904954976838
armorPZAECHarrierHelmetT18,1,5800.0,6090.0,9447.588835309163
armorPZAECHarrierHelmetT18,2,1.1,1.1550000000000002,1.7917840894551862
armorPZAECHarrierHelmetT18,3,0.8500000000000001,0.8925000000000001,1.3845604327608259
armorPZAECHarrierHelmetT18,4,0.44999999999999996,0.47250000000000014,0.7330025820498489
armorPZAECHarrierHelmetT18,5,75.0,80.0625,147.77717396748267
armorPZAECHarrierOutfitT18,0,36.0,37.800000000000004,58.64020656398791
armorPZAECHarrierOutfitT18,1,5800.0,6090.0,9447.588835309163
armorPZAECHarrierOutfitT18,2,240.0,252.0,390.9347104265861
armorPZAECHarrierOutfitT18,3,260.0,273.0,423.5126029621349
armorPZAECHarrierOutfitT18,4,22.0,23.1,35.835681789103724
armorPZAECHarrierGlovesT18,0,15.0,15.75,24.43341940166163
armorPZAECHarrierGlovesT18,1,5800.0,6090.0,9447.588835309163
armorPZAECHarrierGlovesT18,2,1.4,1.4699999999999998,2.2804524774884185
armorPZAECHarrierGlovesT18,3,1.1,1.1550000000000002,1.7917840894551862
armorPZAECHarrierGlovesT18,4,1.1,1.1550000000000002,1.7917840894551862
armorPZAECHarrierBootsT18,0,15.0,15.75,24.43341940166163
armorPZAECHarrierBootsT18,1,5800.0,6090.0,9447.588835309163
armorPZAECHarrierBootsT18,2,0.19999999999999996,0.20999999999999996,0.32577892535548836
armorPZAECHarrierBootsT18,3,130.0,136.5,211.75630148106745
armorPZAECHarrierBootsT18,4,2.1,2.205,3.4206787162326284
armorPZAECHarrierBootsT18,5,-0.6,-0.63,-0.9773367760664652
armorPZAECHarrierHelmetT19,0,29.0,30.450000000000003,47.23794417654582
armorPZAECHarrierHelmetT19,1,8000.0,8400.0,13031.157014219536
armorPZAECHarrierHelmetT19,2,1.4,1.4699999999999998,2.2804524774884185
armorPZAECHarrierHelmetT19,3,1.15,1.2075,1.8732288207940582
armorPZAECHarrierHelmetT19,4,0.6499999999999999,0.6825000000000001,1.058781507405337
armorPZAECHarrierHelmetT19,5,119.0,127.5225,244.03421142649765
armorPZAECHarrierOutfitT19,0,37.0,38.85,60.269101190765355
armorPZAECHarrierOutfitT19,1,8000.0,8400.0,13031.157014219536
armorPZAECHarrierOutfitT19,2,350.0,367.5,570.1131193721047
armorPZAECHarrierOutfitT19,3,360.0,378.0,586.4020656398791
armorPZAECHarrierOutfitT19,4,30.0,31.5,48.86683880332326
armorPZAECHarrierGlovesT19,0,16.0,16.8,26.062314028439072
armorPZAECHarrierGlovesT19,1,8000.0,8400.0,13031.157014219536
armorPZAECHarrierGlovesT19,2,1.85,1.9425,3.013455059538268
armorPZAECHarrierGlovesT19,3,1.4,1.4699999999999998,2.2804524774884185
armorPZAECHarrierGlovesT19,4,1.4,1.4699999999999998,2.2804524774884185
armorPZAECHarrierBootsT19,0,16.0,16.8,26.062314028439072
armorPZAECHarrierBootsT19,1,8000.0,8400.0,13031.157014219536
armorPZAECHarrierBootsT19,2,0.25,0.26249999999999996,0.40722365669436056
armorPZAECHarrierBootsT19,3,180.0,189.0,293.20103281993954
armorPZAECHarrierBootsT19,4,2.7,2.8350000000000004,4.398015492299094
armorPZAECHarrierBootsT19,5,-0.7,-0.735,-1.1402262387442093
armorPZAECStormHelmetT16,0,26.0,27.3,42.35126029621349
armorPZAECStormHelmetT16,1,3000.0,3150.0,4886.683880332326
armorPZAECStormHelmetT16,2,0.6499999999999999,0.6825000000000001,1.058781507405337
armorPZAECStormHelmetT16,3,0.19999999999999996,0.20999999999999996,0.32577892535548836
armorPZAECStormHelmetT16,4,31.25,33.140625,57.30547632658869
armorPZAECStormOutfitT16,0,34.0,35.7,55.38241731043303
armorPZAECStormOutfitT16,1,3000.0,3150.0,4886.683880332326
armorPZAECStormOutfitT16,2,100.0,105.0,162.8894626777442
armorPZAECStormOutfitT16,3,120.0,126.0,195.46735521329305
armorPZAECStormOutfitT16,4,12.0,12.600000000000001,19.546735521329303
armorPZAECStormOutfitT16,5,0.6000000000000001,0.6299999999999999,0.9773367760664651
armorPZAECStormGlovesT16,0,13.0,13.65,21.175630148106745
armorPZAECStormGlovesT16,1,3000.0,3150.0,4886.683880332326
armorPZAECStormGlovesT16,2,0.8,0.8400000000000001,1.3031157014219534
armorPZAECStormGlovesT16,3,0.6499999999999999,0.6825000000000001,1.058781507405337
armorPZAECStormGlovesT16,4,0.6499999999999999,0.6825000000000001,1.058781507405337
armorPZAECStormBootsT16,0,13.0,13.65,21.175630148106745
armorPZAECStormBootsT16,1,3000.0,3150.0,4886.683880332326
armorPZAECStormBootsT16,2,0.1200000000000001,0.1259999999999999,0.19546735521329306
armorPZAECStormBootsT16,3,60.0,63.0,97.73367760664652
armorPZAECStormBootsT16,4,1.2000000000000002,1.2599999999999998,1.9546735521329301
armorPZAECStormBootsT16,5,-0.4,-0.42000000000000004,-0.6515578507109768
armorPZAECStormHelmetT17,0,27.0,28.35,43.980154922990934
armorPZAECStormHelmetT17,1,4200.0,4410.0,6841.357432465256
armorPZAECStormHelmetT17,2,0.8500000000000001,0.8925000000000001,1.3845604327608259
armorPZAECStormHelmetT17,3,0.30000000000000004,0.31499999999999995,0.48866838803323254
armorPZAECStormHelmetT17,4,47.25,50.255624999999995,89.51420882522964
armorPZAECStormOutfitT17,0,35.0,36.75,57.01131193721047
armorPZAECStormOutfitT17,1,4200.0,4410.0,6841.357432465256
armorPZAECStormOutfitT17,2,160.0,168.0,260.62314028439073
armorPZAECStormOutfitT17,3,180.0,189.0,293.20103281993954
armorPZAECStormOutfitT17,4,16.0,16.8,26.062314028439072
armorPZAECStormOutfitT17,5,0.8500000000000001,0.8925000000000001,1.3845604327608259
armorPZAECStormGlovesT17,0,14.0,14.700000000000001,22.80452477488419
armorPZAECStormGlovesT17,1,4200.0,4410.0,6841.357432465256
armorPZAECStormGlovesT17,2,1.0499999999999998,1.1025,1.7103393581163142
armorPZAECStormGlovesT17,3,0.8500000000000001,0.8925000000000001,1.3845604327608259
armorPZAECStormGlovesT17,4,0.8500000000000001,0.8925000000000001,1.3845604327608259
armorPZAECStormBootsT17,0,14.0,14.700000000000001,22.80452477488419
armorPZAECStormBootsT17,1,4200.0,4410.0,6841.357432465256
armorPZAECStormBootsT17,2,0.15999999999999992,0.16799999999999993,0.2606231402843906
armorPZAECStormBootsT17,3,90.0,94.5,146.60051640996977
armorPZAECStormBootsT17,4,1.6,1.6800000000000002,2.6062314028439073
armorPZAECStormBootsT17,5,-0.5,-0.525,-0.814447313388721
armorPZAECStormHelmetT18,0,28.0,29.400000000000002,45.60904954976838
armorPZAECStormHelmetT18,1,5800.0,6090.0,9447.588835309163
armorPZAECStormHelmetT18,2,1.1,1.1550000000000002,1.7917840894551862
armorPZAECStormHelmetT18,3,0.44999999999999996,0.47250000000000014,0.7330025820498489
armorPZAECStormHelmetT18,4,75.0,80.0625,147.77717396748267
armorPZAECStormOutfitT18,0,36.0,37.800000000000004,58.64020656398791
armorPZAECStormOutfitT18,1,5800.0,6090.0,9447.588835309163
armorPZAECStormOutfitT18,2,240.0,252.0,390.9347104265861
armorPZAECStormOutfitT18,3,260.0,273.0,423.5126029621349
armorPZAECStormOutfitT18,4,22.0,23.1,35.835681789103724
armorPZAECStormOutfitT18,5,1.15,1.2075,1.8732288207940582
armorPZAECStormGlovesT18,0,15.0,15.75,24.43341940166163
armorPZAECStormGlovesT18,1,5800.0,6090.0,9447.588835309163
armorPZAECStormGlovesT18,2,1.4,1.4699999999999998,2.2804524774884185
armorPZAECStormGlovesT18,3,1.1,1.1550000000000002,1.7917840894551862
armorPZAECStormGlovesT18,4,1.1,1.1550000000000002,1.7917840894551862
armorPZAECStormBootsT18,0,15.0,15.75,24.43341940166163
armorPZAECStormBootsT18,1,5800.0,6090.0,9447.588835309163
armorPZAECStormBootsT18,2,0.19999999999999996,0.20999999999999996,0.32577892535548836
armorPZAECStormBootsT18,3,130.0,136.5,211.75630148106745
armorPZAECStormBootsT18,4,2.1,2.205,3.4206787162326284
armorPZAECStormBootsT18,5,-0.6,-0.63,-0.9773367760664652
armorPZAECStormHelmetT19,0,29.0,30.450000000000003,47.23794417654582
armorPZAECStormHelmetT19,1,8000.0,8400.0,13031.157014219536
armorPZAECStormHelmetT19,2,1.4,1.4699999999999998,2.2804524774884185
armorPZAECStormHelmetT19,3,0.6499999999999999,0.6825000000000001,1.058781507405337
armorPZAECStormHelmetT19,4,119.0,127.5225,244.03421142649765
armorPZAECStormOutfitT19,0,37.0,38.85,60.269101190765355
armorPZAECStormOutfitT19,1,8000.0,8400.0,13031.157014219536
armorPZAECStormOutfitT19,2,350.0,367.5,570.1131193721047
armorPZAECStormOutfitT19,3,360.0,378.0,586.4020656398791
armorPZAECStormOutfitT19,4,30.0,31.5,48.86683880332326
armorPZAECStormOutfitT19,5,1.5,1.5750000000000002,2.443341940166163
armorPZAECStormGlovesT19,0,16.0,16.8,26.062314028439072
armorPZAECStormGlovesT19,1,8000.0,8400.0,13031.157014219536
armorPZAECStormGlovesT19,2,1.85,1.9425,3.013455059538268
armorPZAECStormGlovesT19,3,1.4,1.4699999999999998,2.2804524774884185
armorPZAECStormGlovesT19,4,1.4,1.4699999999999998,2.2804524774884185
armorPZAECStormBootsT19,0,16.0,16.8,26.062314028439072
armorPZAECStormBootsT19,1,8000.0,8400.0,13031.157014219536
armorPZAECStormBootsT19,2,0.25,0.26249999999999996,0.40722365669436056
armorPZAECStormBootsT19,3,180.0,189.0,293.20103281993954
armorPZAECStormBootsT19,4,2.7,2.8350000000000004,4.398015492299094
armorPZAECStormBootsT19,5,-0.7,-0.735,-1.1402262387442093
armorPZAECTremorHelmetT16,0,26.0,27.3,42.35126029621349
armorPZAECTremorHelmetT16,1,3000.0,3150.0,4886.683880332326
armorPZAECTremorHelmetT16,2,0.6499999999999999,0.6825000000000001,1.058781507405337
armorPZAECTremorHelmetT16,3,0.19999999999999996,0.20999999999999996,0.32577892535548836
armorPZAECTremorHelmetT16,4,31.25,33.140625,57.30547632658869
armorPZAECTremorOutfitT16,0,34.0,35.7,55.38241731043303
armorPZAECTremorOutfitT16,1,3000.0,3150.0,4886.683880332326
armorPZAECTremorOutfitT16,2,100.0,105.0,162.8894626777442
armorPZAECTremorOutfitT16,3,120.0,126.0,195.46735521329305
armorPZAECTremorOutfitT16,4,12.0,12.600000000000001,19.546735521329303
armorPZAECTremorGlovesT16,0,13.0,13.65,21.175630148106745
armorPZAECTremorGlovesT16,1,3000.0,3150.0,4886.683880332326
armorPZAECTremorGlovesT16,2,0.8,0.8400000000000001,1.3031157014219534
armorPZAECTremorGlovesT16,3,1.4,1.4700000000000002,2.2804524774884185
armorPZAECTremorGlovesT16,4,0.6499999999999999,0.6825000000000001,1.058781507405337
armorPZAECTremorGlovesT16,5,0.6499999999999999,0.6825000000000001,1.058781507405337
armorPZAECTremorBootsT16,0,13.0,13.65,21.175630148106745
armorPZAECTremorBootsT16,1,3000.0,3150.0,4886.683880332326
armorPZAECTremorBootsT16,2,0.1200000000000001,0.1259999999999999,0.19546735521329306
armorPZAECTremorBootsT16,3,60.0,63.0,97.73367760664652
armorPZAECTremorBootsT16,4,1.2000000000000002,1.2599999999999998,1.9546735521329301
armorPZAECTremorBootsT16,5,-0.4,-0.42000000000000004,-0.6515578507109768
armorPZAECTremorHelmetT17,0,27.0,28.35,43.980154922990934
armorPZAECTremorHelmetT17,1,4200.0,4410.0,6841.357432465256
armorPZAECTremorHelmetT17,2,0.8500000000000001,0.8925000000000001,1.3845604327608259
armorPZAECTremorHelmetT17,3,0.30000000000000004,0.31499999999999995,0.48866838803323254
armorPZAECTremorHelmetT17,4,47.25,50.255624999999995,89.51420882522964
armorPZAECTremorOutfitT17,0,35.0,36.75,57.01131193721047
armorPZAECTremorOutfitT17,1,4200.0,4410.0,6841.357432465256
armorPZAECTremorOutfitT17,2,160.0,168.0,260.62314028439073
armorPZAECTremorOutfitT17,3,180.0,189.0,293.20103281993954
armorPZAECTremorOutfitT17,4,16.0,16.8,26.062314028439072
armorPZAECTremorGlovesT17,0,14.0,14.700000000000001,22.80452477488419
armorPZAECTremorGlovesT17,1,4200.0,4410.0,6841.357432465256
armorPZAECTremorGlovesT17,2,1.0499999999999998,1.1025,1.7103393581163142
armorPZAECTremorGlovesT17,3,1.9,1.995,3.0948997908771396
armorPZAECTremorGlovesT17,4,0.8500000000000001,0.8925000000000001,1.3845604327608259
armorPZAECTremorGlovesT17,5,0.8500000000000001,0.8925000000000001,1.3845604327608259
armorPZAECTremorBootsT17,0,14.0,14.700000000000001,22.80452477488419
armorPZAECTremorBootsT17,1,4200.0,4410.0,6841.357432465256
armorPZAECTremorBootsT17,2,0.15999999999999992,0.16799999999999993,0.2606231402843906
armorPZAECTremorBootsT17,3,90.0,94.5,146.60051640996977
armorPZAECTremorBootsT17,4,1.6,1.6800000000000002,2.6062314028439073
armorPZAECTremorBootsT17,5,-0.5,-0.525,-0.814447313388721
armorPZAECTremorHelmetT18,0,28.0,29.400000000000002,45.60904954976838
armorPZAECTremorHelmetT18,1,5800.0,6090.0,9447.588835309163
armorPZAECTremorHelmetT18,2,1.1,1.1550000000000002,1.7917840894551862
armorPZAECTremorHelmetT18,3,0.44999999999999996,0.47250000000000014,0.7330025820498489
armorPZAECTremorHelmetT18,4,75.0,80.0625,147.77717396748267
armorPZAECTremorOutfitT18,0,36.0,37.800000000000004,58.64020656398791
armorPZAECTremorOutfitT18,1,5800.0,6090.0,9447.588835309163
armorPZAECTremorOutfitT18,2,240.0,252.0,390.9347104265861
armorPZAECTremorOutfitT18,3,260.0,273.0,423.5126029621349
armorPZAECTremorOutfitT18,4,22.0,23.1,35.835681789103724
armorPZAECTremorGlovesT18,0,15.0,15.75,24.43341940166163
armorPZAECTremorGlovesT18,1,5800.0,6090.0,9447.588835309163
armorPZAECTremorGlovesT18,2,1.4,1.4699999999999998,2.2804524774884185
armorPZAECTremorGlovesT18,3,2.55,2.6774999999999998,4.153681298282477
armorPZAECTremorGlovesT18,4,1.1,1.1550000000000002,1.7917840894551862
armorPZAECTremorGlovesT18,5,1.1,1.1550000000000002,1.7917840894551862
armorPZAECTremorBootsT18,0,15.0,15.75,24.43341940166163
armorPZAECTremorBootsT18,1,5800.0,6090.0,9447.588835309163
armorPZAECTremorBootsT18,2,0.19999999999999996,0.20999999999999996,0.32577892535548836
armorPZAECTremorBootsT18,3,130.0,136.5,211.75630148106745
armorPZAECTremorBootsT18,4,2.1,2.205,3.4206787162326284
armorPZAECTremorBootsT18,5,-0.6,-0.63,-0.9773367760664652
armorPZAECTremorHelmetT19,0,29.0,30.450000000000003,47.23794417654582
armorPZAECTremorHelmetT19,1,8000.0,8400.0,13031.157014219536
armorPZAECTremorHelmetT19,2,1.4,1.4699999999999998,2.2804524774884185
armorPZAECTremorHelmetT19,3,0.6499999999999999,0.6825000000000001,1.058781507405337
armorPZAECTremorHelmetT19,4,119.0,127.5225,244.03421142649765
armorPZAECTremorOutfitT19,0,37.0,38.85,60.269101190765355
armorPZAECTremorOutfitT19,1,8000.0,8400.0,13031.157014219536
armorPZAECTremorOutfitT19,2,350.0,367.5,570.1131193721047
armorPZAECTremorOutfitT19,3,360.0,378.0,586.4020656398791
armorPZAECTremorOutfitT19,4,30.0,31.5,48.86683880332326
armorPZAECTremorGlovesT19,0,16.0,16.8,26.062314028439072
armorPZAECTremorGlovesT19,1,8000.0,8400.0,13031.157014219536
armorPZAECTremorGlovesT19,2,1.85,1.9425,3.013455059538268
armorPZAECTremorGlovesT19,3,3.3499999999999996,3.5175,5.456796999704431
armorPZAECTremorGlovesT19,4,1.4,1.4699999999999998,2.2804524774884185
armorPZAECTremorGlovesT19,5,1.4,1.4699999999999998,2.2804524774884185
armorPZAECTremorBootsT19,0,16.0,16.8,26.062314028439072
armorPZAECTremorBootsT19,1,8000.0,8400.0,13031.157014219536
armorPZAECTremorBootsT19,2,0.25,0.26249999999999996,0.40722365669436056
armorPZAECTremorBootsT19,3,180.0,189.0,293.20103281993954
armorPZAECTremorBootsT19,4,2.7,2.8350000000000004,4.398015492299094
armorPZAECTremorBootsT19,5,-0.7,-0.735,-1.1402262387442093
armorPZAECWardenHelmetT16,0,26.0,27.3,42.35126029621349
armorPZAECWardenHelmetT16,1,3000.0,3150.0,4886.683880332326
armorPZAECWardenHelmetT16,2,0.6499999999999999,0.6825000000000001,1.058781507405337
armorPZAECWardenHelmetT16,3,0.19999999999999996,0.20999999999999996,0.32577892535548836
armorPZAECWardenHelmetT16,4,31.25,33.140625,57.30547632658869
armorPZAECWardenOutfitT16,0,34.0,35.7,55.38241731043303
armorPZAECWardenOutfitT16,1,3000.0,3150.0,4886.683880332326
armorPZAECWardenOutfitT16,2,100.0,105.0,162.8894626777442
armorPZAECWardenOutfitT16,3,120.0,126.0,195.46735521329305
armorPZAECWardenOutfitT16,4,12.0,12.600000000000001,19.546735521329303
armorPZAECWardenGlovesT16,0,13.0,13.65,21.175630148106745
armorPZAECWardenGlovesT16,1,3000.0,3150.0,4886.683880332326
armorPZAECWardenGlovesT16,2,0.8,0.8400000000000001,1.3031157014219534
armorPZAECWardenGlovesT16,3,0.6499999999999999,0.6825000000000001,1.058781507405337
armorPZAECWardenGlovesT16,4,0.6499999999999999,0.6825000000000001,1.058781507405337
armorPZAECWardenGlovesT16,5,0.8,0.8400000000000001,1.3031157014219534
armorPZAECWardenBootsT16,0,13.0,13.65,21.175630148106745
armorPZAECWardenBootsT16,1,3000.0,3150.0,4886.683880332326
armorPZAECWardenBootsT16,2,0.1200000000000001,0.1259999999999999,0.19546735521329306
armorPZAECWardenBootsT16,3,60.0,63.0,97.73367760664652
armorPZAECWardenBootsT16,4,1.2000000000000002,1.2599999999999998,1.9546735521329301
armorPZAECWardenBootsT16,5,-0.4,-0.42000000000000004,-0.6515578507109768
armorPZAECWardenHelmetT17,0,27.0,28.35,43.980154922990934
armorPZAECWardenHelmetT17,1,4200.0,4410.0,6841.357432465256
armorPZAECWardenHelmetT17,2,0.8500000000000001,0.8925000000000001,1.3845604327608259
armorPZAECWardenHelmetT17,3,0.30000000000000004,0.31499999999999995,0.48866838803323254
armorPZAECWardenHelmetT17,4,47.25,50.255624999999995,89.51420882522964
armorPZAECWardenOutfitT17,0,35.0,36.75,57.01131193721047
armorPZAECWardenOutfitT17,1,4200.0,4410.0,6841.357432465256
armorPZAECWardenOutfitT17,2,160.0,168.0,260.62314028439073
armorPZAECWardenOutfitT17,3,180.0,189.0,293.20103281993954
armorPZAECWardenOutfitT17,4,16.0,16.8,26.062314028439072
armorPZAECWardenGlovesT17,0,14.0,14.700000000000001,22.80452477488419
armorPZAECWardenGlovesT17,1,4200.0,4410.0,6841.357432465256
armorPZAECWardenGlovesT17,2,1.0499999999999998,1.1025,1.7103393581163142
armorPZAECWardenGlovesT17,3,0.8500000000000001,0.8925000000000001,1.3845604327608259
armorPZAECWardenGlovesT17,4,0.8500000000000001,0.8925000000000001,1.3845604327608259
armorPZAECWardenGlovesT17,5,1.2000000000000002,1.2599999999999998,1.9546735521329301
armorPZAECWardenBootsT17,0,14.0,14.700000000000001,22.80452477488419
armorPZAECWardenBootsT17,1,4200.0,4410.0,6841.357432465256
armorPZAECWardenBootsT17,2,0.15999999999999992,0.16799999999999993,0.2606231402843906
armorPZAECWardenBootsT17,3,90.0,94.5,146.60051640996977
armorPZAECWardenBootsT17,4,1.6,1.6800000000000002,2.6062314028439073
armorPZAECWardenBootsT17,5,-0.5,-0.525,-0.814447313388721
armorPZAECWardenHelmetT18,0,28.0,29.400000000000002,45.60904954976838
armorPZAECWardenHelmetT18,1,5800.0,6090.0,9447.588835309163
armorPZAECWardenHelmetT18,2,1.1,1.1550000000000002,1.7917840894551862
armorPZAECWardenHelmetT18,3,0.44999999999999996,0.47250000000000014,0.7330025820498489
armorPZAECWardenHelmetT18,4,75.0,80.0625,147.77717396748267
armorPZAECWardenOutfitT18,0,36.0,37.800000000000004,58.64020656398791
armorPZAECWardenOutfitT18,1,5800.0,6090.0,9447.588835309163
armorPZAECWardenOutfitT18,2,240.0,252.0,390.9347104265861
armorPZAECWardenOutfitT18,3,260.0,273.0,423.5126029621349
armorPZAECWardenOutfitT18,4,22.0,23.1,35.835681789103724
armorPZAECWardenGlovesT18,0,15.0,15.75,24.43341940166163
armorPZAECWardenGlovesT18,1,5800.0,6090.0,9447.588835309163
armorPZAECWardenGlovesT18,2,1.4,1.4699999999999998,2.2804524774884185
armorPZAECWardenGlovesT18,3,1.1,1.1550000000000002,1.7917840894551862
armorPZAECWardenGlovesT18,4,1.1,1.1550000000000002,1.7917840894551862
armorPZAECWardenGlovesT18,5,1.7000000000000002,1.7850000000000001,2.7691208655216513
armorPZAECWardenBootsT18,0,15.0,15.75,24.43341940166163
armorPZAECWardenBootsT18,1,5800.0,6090.0,9447.588835309163
armorPZAECWardenBootsT18,2,0.19999999999999996,0.20999999999999996,0.32577892535548836
armorPZAECWardenBootsT18,3,130.0,136.5,211.75630148106745
armorPZAECWardenBootsT18,4,2.1,2.205,3.4206787162326284
armorPZAECWardenBootsT18,5,-0.6,-0.63,-0.9773367760664652
armorPZAECWardenHelmetT19,0,29.0,30.450000000000003,47.23794417654582
armorPZAECWardenHelmetT19,1,8000.0,8400.0,13031.157014219536
armorPZAECWardenHelmetT19,2,1.4,1.4699999999999998,2.2804524774884185
armorPZAECWardenHelmetT19,3,0.6499999999999999,0.6825000000000001,1.058781507405337
armorPZAECWardenHelmetT19,4,119.0,127.5225,244.03421142649765
armorPZAECWardenOutfitT19,0,37.0,38.85,60.269101190765355
armorPZAECWardenOutfitT19,1,8000.0,8400.0,13031.157014219536
armorPZAECWardenOutfitT19,2,350.0,367.5,570.1131193721047
armorPZAECWardenOutfitT19,3,360.0,378.0,586.4020656398791
armorPZAECWardenOutfitT19,4,30.0,31.5,48.86683880332326
armorPZAECWardenGlovesT19,0,16.0,16.8,26.062314028439072
armorPZAECWardenGlovesT19,1,8000.0,8400.0,13031.157014219536
armorPZAECWardenGlovesT19,2,1.85,1.9425,3.013455059538268
armorPZAECWardenGlovesT19,3,1.4,1.4699999999999998,2.2804524774884185
armorPZAECWardenGlovesT19,4,1.4,1.4699999999999998,2.2804524774884185
armorPZAECWardenGlovesT19,5,2.3,2.415,3.7464576415881163
armorPZAECWardenBootsT19,0,16.0,16.8,26.062314028439072
armorPZAECWardenBootsT19,1,8000.0,8400.0,13031.157014219536
armorPZAECWardenBootsT19,2,0.25,0.26249999999999996,0.40722365669436056
armorPZAECWardenBootsT19,3,180.0,189.0,293.20103281993954
armorPZAECWardenBootsT19,4,2.7,2.8350000000000004,4.398015492299094
armorPZAECWardenBootsT19,5,-0.7,-0.735,-1.1402262387442093
gunPZAECEmberPistolT16,0,700.0,735.0,1140.2262387442095
gunPZAECEmberPistolT16,1,32.0,33.6,52.124628056878144
gunPZAECEmberPistolT16,2,420.0,441.0,684.1357432465256
gunPZAECEmberPistolT16,3,50.0,52.5,81.4447313388721
gunPZAECEmberPistolT16,4,5000.0,5250.0,8144.47313388721
gunPZAECEmberPistolT16,5,0.6499999999999999,0.6825000000000001,1.058781507405337
gunPZAECEmberPistolT17,0,950.0,997.5,1547.44989543857
gunPZAECEmberPistolT17,1,40.0,42.0,65.15578507109768
gunPZAECEmberPistolT17,2,480.0,504.0,781.8694208531722
gunPZAECEmberPistolT17,3,50.0,52.5,81.4447313388721
gunPZAECEmberPistolT17,4,6500.0,6825.0,10587.815074053373
gunPZAECEmberPistolT17,5,0.8999999999999999,0.9450000000000001,1.4660051640996978
gunPZAECEmberPistolT18,0,1280.0,1344.0,2084.985122275126
gunPZAECEmberPistolT18,1,50.0,52.5,81.4447313388721
gunPZAECEmberPistolT18,2,540.0,567.0,879.6030984598187
gunPZAECEmberPistolT18,3,50.0,52.5,81.4447313388721
gunPZAECEmberPistolT18,4,8500.0,8925.0,13845.604327608256
gunPZAECEmberPistolT18,5,1.2000000000000002,1.2599999999999998,1.9546735521329301
gunPZAECEmberPistolT19,0,1730.0,1816.5,2817.987704324975
gunPZAECEmberPistolT19,1,64.0,67.2,104.24925611375629
gunPZAECEmberPistolT19,2,620.0,651.0,1009.9146686020141
gunPZAECEmberPistolT19,3,50.0,52.5,81.4447313388721
gunPZAECEmberPistolT19,4,11000.0,11550.0,17917.84089455186
gunPZAECEmberPistolT19,5,1.6,1.6800000000000002,2.6062314028439073
gunPZAECHorizonNeedleT16,0,750.0,787.5,1221.6709700830816
gunPZAECHorizonNeedleT16,1,24.0,25.200000000000003,39.09347104265861
gunPZAECHorizonNeedleT16,2,300.0,315.0,488.6683880332326
gunPZAECHorizonNeedleT16,3,150.0,157.5,244.3341940166163
gunPZAECHorizonNeedleT16,4,5000.0,5250.0,8144.47313388721
gunPZAECHorizonNeedleT16,5,0.6499999999999999,0.6825000000000001,1.058781507405337
gunPZAECHorizonNeedleT17,0,1000.0,1050.0,1628.894626777442
gunPZAECHorizonNeedleT17,1,30.0,31.5,48.86683880332326
gunPZAECHorizonNeedleT17,2,340.0,357.0,553.8241731043303
gunPZAECHorizonNeedleT17,3,150.0,157.5,244.3341940166163
gunPZAECHorizonNeedleT17,4,6500.0,6825.0,10587.815074053373
gunPZAECHorizonNeedleT17,5,0.8999999999999999,0.9450000000000001,1.4660051640996978
gunPZAECHorizonNeedleT18,0,1350.0,1417.5,2199.0077461495466
gunPZAECHorizonNeedleT18,1,38.0,39.9,61.8979958175428
gunPZAECHorizonNeedleT18,2,380.0,399.0,618.979958175428
gunPZAECHorizonNeedleT18,3,150.0,157.5,244.3341940166163
gunPZAECHorizonNeedleT18,4,8500.0,8925.0,13845.604327608256
gunPZAECHorizonNeedleT18,5,1.2000000000000002,1.2599999999999998,1.9546735521329301
gunPZAECHorizonNeedleT19,0,1800.0,1890.0,2932.0103281993956
gunPZAECHorizonNeedleT19,1,48.0,50.400000000000006,78.18694208531721
gunPZAECHorizonNeedleT19,2,430.0,451.5,700.4246895143001
gunPZAECHorizonNeedleT19,3,150.0,157.5,244.3341940166163
gunPZAECHorizonNeedleT19,4,11000.0,11550.0,17917.84089455186
gunPZAECHorizonNeedleT19,5,1.6,1.6800000000000002,2.6062314028439073
gunPZAECStormReservoirT16,0,550.0,577.5,895.8920447275931
gunPZAECStormReservoirT16,1,180.0,189.0,293.20103281993954
gunPZAECStormReservoirT16,2,1250.0,1312.5,2036.1182834718024
gunPZAECStormReservoirT16,3,90.0,94.5,146.60051640996977
gunPZAECStormReservoirT16,4,5000.0,5250.0,8144.47313388721
gunPZAECStormReservoirT16,5,0.6499999999999999,0.6825000000000001,1.058781507405337
gunPZAECStormReservoirT17,0,750.0,787.5,1221.6709700830816
gunPZAECStormReservoirT17,1,220.0,231.0,358.3568178910372
gunPZAECStormReservoirT17,2,1400.0,1470.0,2280.452477488419
gunPZAECStormReservoirT17,3,90.0,94.5,146.60051640996977
gunPZAECStormReservoirT17,4,6500.0,6825.0,10587.815074053373
gunPZAECStormReservoirT17,5,0.8999999999999999,0.9450000000000001,1.4660051640996978
gunPZAECStormReservoirT18,0,1000.0,1050.0,1628.894626777442
gunPZAECStormReservoirT18,1,270.0,283.5,439.80154922990937
gunPZAECStormReservoirT18,2,1550.0,1627.5,2524.786671505035
gunPZAECStormReservoirT18,3,90.0,94.5,146.60051640996977
gunPZAECStormReservoirT18,4,8500.0,8925.0,13845.604327608256
gunPZAECStormReservoirT18,5,1.2000000000000002,1.2599999999999998,1.9546735521329301
gunPZAECStormReservoirT19,0,1350.0,1417.5,2199.0077461495466
gunPZAECStormReservoirT19,1,330.0,346.5,537.5352268365558
gunPZAECStormReservoirT19,2,1750.0,1837.5,2850.5655968605233
gunPZAECStormReservoirT19,3,90.0,94.5,146.60051640996977
gunPZAECStormReservoirT19,4,11000.0,11550.0,17917.84089455186
gunPZAECStormReservoirT19,5,1.6,1.6800000000000002,2.6062314028439073
meleePZAECFaultlineHammerT16,0,1800.0,1890.0,2932.0103281993956
meleePZAECFaultlineHammerT16,1,650.0,682.5,1058.7815074053374
meleePZAECFaultlineHammerT16,2,1800.0,1890.0,2932.0103281993956
meleePZAECFaultlineHammerT16,3,80.0,84.0,130.31157014219536
meleePZAECFaultlineHammerT16,4,2.6,2.7300000000000004,4.235126029621349
meleePZAECFaultlineHammerT16,5,5000.0,5250.0,8144.47313388721
meleePZAECFaultlineHammerT16,6,0.6499999999999999,0.6825000000000001,1.058781507405337
meleePZAECFaultlineHammerT16,7,28.0,26.599999999999998,16.764634298674604
meleePZAECFaultlineHammerT17,0,2400.0,2520.0,3909.3471042658607
meleePZAECFaultlineHammerT17,1,880.0,924.0,1433.427271564149
meleePZAECFaultlineHammerT17,2,2400.0,2520.0,3909.3471042658607
meleePZAECFaultlineHammerT17,3,88.0,92.4,143.3427271564149
meleePZAECFaultlineHammerT17,4,2.6,2.7300000000000004,4.235126029621349
meleePZAECFaultlineHammerT17,5,6500.0,6825.0,10587.815074053373
meleePZAECFaultlineHammerT17,6,0.8999999999999999,0.9450000000000001,1.4660051640996978
meleePZAECFaultlineHammerT17,7,25.0,23.75,14.968423480959467
meleePZAECFaultlineHammerT18,0,3200.0,3360.0,5212.462805687815
meleePZAECFaultlineHammerT18,1,1190.0,1249.5,1938.384605865156
meleePZAECFaultlineHammerT18,2,3200.0,3360.0,5212.462805687815
meleePZAECFaultlineHammerT18,3,96.0,100.80000000000001,156.37388417063443
meleePZAECFaultlineHammerT18,4,2.6,2.7300000000000004,4.235126029621349
meleePZAECFaultlineHammerT18,5,8500.0,8925.0,13845.604327608256
meleePZAECFaultlineHammerT18,6,1.2000000000000002,1.2599999999999998,1.9546735521329301
meleePZAECFaultlineHammerT18,7,22.0,20.9,13.17221266324433
meleePZAECFaultlineHammerT19,0,4300.0,4515.0,7004.246895143001
meleePZAECFaultlineHammerT19,1,1610.0,1690.5,2622.5203491116818
meleePZAECFaultlineHammerT19,2,4300.0,4515.0,7004.246895143001
meleePZAECFaultlineHammerT19,3,104.0,109.2,169.40504118485396
meleePZAECFaultlineHammerT19,4,2.6,2.7300000000000004,4.235126029621349
meleePZAECFaultlineHammerT19,5,11000.0,11550.0,17917.84089455186
meleePZAECFaultlineHammerT19,6,1.6,1.6800000000000002,2.6062314028439073
meleePZAECFaultlineHammerT19,7,19.0,18.05,11.376001845529196
gunPZAECBastionShotgunT16,0,450.0,472.5,733.0025820498489
gunPZAECBastionShotgunT16,1,80.0,84.0,130.31157014219536
gunPZAECBastionShotgunT16,2,300.0,315.0,488.6683880332326
gunPZAECBastionShotgunT16,3,5000.0,5250.0,8144.47313388721
gunPZAECBastionShotgunT16,4,0.6499999999999999,0.6825000000000001,1.058781507405337
gunPZAECBastionShotgunT17,0,600.0,630.0,977.3367760664652
gunPZAECBastionShotgunT17,1,100.0,105.0,162.8894626777442
gunPZAECBastionShotgunT17,2,330.0,346.5,537.5352268365558
gunPZAECBastionShotgunT17,3,6500.0,6825.0,10587.815074053373
gunPZAECBastionShotgunT17,4,0.8999999999999999,0.9450000000000001,1.4660051640996978
gunPZAECBastionShotgunT18,0,810.0,850.5,1319.404647689728
gunPZAECBastionShotgunT18,1,125.0,131.25,203.61182834718025
gunPZAECBastionShotgunT18,2,360.0,378.0,586.4020656398791
gunPZAECBastionShotgunT18,3,8500.0,8925.0,13845.604327608256
gunPZAECBastionShotgunT18,4,1.2000000000000002,1.2599999999999998,1.9546735521329301
gunPZAECBastionShotgunT19,0,1100.0,1155.0,1791.7840894551862
gunPZAECBastionShotgunT19,1,155.0,162.75,252.47866715050353
gunPZAECBastionShotgunT19,2,390.0,409.5,635.2689044432024
gunPZAECBastionShotgunT19,3,11000.0,11550.0,17917.84089455186
gunPZAECBastionShotgunT19,4,1.6,1.6800000000000002,2.6062314028439073
gunPZAECEchoRepeaterT16,0,950.0,997.5,1547.44989543857
gunPZAECEchoRepeaterT16,1,8.0,8.4,13.031157014219536
gunPZAECEchoRepeaterT16,2,160.0,168.0,260.62314028439073
gunPZAECEchoRepeaterT16,3,100.0,105.0,162.8894626777442
gunPZAECEchoRepeaterT16,4,5000.0,5250.0,8144.47313388721
gunPZAECEchoRepeaterT16,5,0.73,0.7665000000000002,1.1890930775475326
gunPZAECEchoRepeaterT17,0,1280.0,1344.0,2084.985122275126
gunPZAECEchoRepeaterT17,1,11.0,11.55,17.917840894551862
gunPZAECEchoRepeaterT17,2,176.0,184.8,286.6854543128298
gunPZAECEchoRepeaterT17,3,100.0,105.0,162.8894626777442
gunPZAECEchoRepeaterT17,4,6500.0,6825.0,10587.815074053373
gunPZAECEchoRepeaterT17,5,1.0,1.0499999999999998,1.6288946267774422
gunPZAECEchoRepeaterT18,0,1730.0,1816.5,2817.987704324975
gunPZAECEchoRepeaterT18,1,15.0,15.75,24.43341940166163
gunPZAECEchoRepeaterT18,2,194.0,203.70000000000002,316.00555759482376
gunPZAECEchoRepeaterT18,3,100.0,105.0,162.8894626777442
gunPZAECEchoRepeaterT18,4,8500.0,8925.0,13845.604327608256
gunPZAECEchoRepeaterT18,5,1.3200000000000003,1.3860000000000001,2.1501409073462234
gunPZAECEchoRepeaterT19,0,2340.0,2457.0,3811.6134266592144
gunPZAECEchoRepeaterT19,1,20.0,21.0,32.57789253554884
gunPZAECEchoRepeaterT19,2,214.0,224.70000000000002,348.58345013037257
gunPZAECEchoRepeaterT19,3,100.0,105.0,162.8894626777442
gunPZAECEchoRepeaterT19,4,11000.0,11550.0,17917.84089455186
gunPZAECEchoRepeaterT19,5,1.75,1.8375000000000004,2.8505655968605237
gunPZAECCounterSiegeT16,0,1500.0,1575.0,2443.341940166163
gunPZAECCounterSiegeT16,1,4.0,4.2,6.515578507109768
gunPZAECCounterSiegeT16,2,90.0,94.5,146.60051640996977
gunPZAECCounterSiegeT16,3,100.0,105.0,162.8894626777442
gunPZAECCounterSiegeT16,4,5000.0,5250.0,8144.47313388721
gunPZAECCounterSiegeT16,5,0.6499999999999999,0.6825000000000001,1.058781507405337
gunPZAECCounterSiegeT17,0,2050.0,2152.5,3339.2339848937563
gunPZAECCounterSiegeT17,1,5.0,5.25,8.14447313388721
gunPZAECCounterSiegeT17,2,100.0,105.0,162.8894626777442
gunPZAECCounterSiegeT17,3,100.0,105.0,162.8894626777442
gunPZAECCounterSiegeT17,4,6500.0,6825.0,10587.815074053373
gunPZAECCounterSiegeT17,5,0.8999999999999999,0.9450000000000001,1.4660051640996978
gunPZAECCounterSiegeT18,0,2800.0,2940.0,4560.904954976838
gunPZAECCounterSiegeT18,1,6.0,6.300000000000001,9.773367760664652
gunPZAECCounterSiegeT18,2,110.0,115.5,179.1784089455186
gunPZAECCounterSiegeT18,3,100.0,105.0,162.8894626777442
gunPZAECCounterSiegeT18,4,8500.0,8925.0,13845.604327608256
gunPZAECCounterSiegeT18,5,1.2000000000000002,1.2599999999999998,1.9546735521329301
gunPZAECCounterSiegeT19,0,3800.0,3990.0,6189.79958175428
gunPZAECCounterSiegeT19,1,8.0,8.4,13.031157014219536
gunPZAECCounterSiegeT19,2,120.0,126.0,195.46735521329305
gunPZAECCounterSiegeT19,3,100.0,105.0,162.8894626777442
gunPZAECCounterSiegeT19,4,11000.0,11550.0,17917.84089455186
gunPZAECCounterSiegeT19,5,1.6,1.6800000000000002,2.6062314028439073
modPZAECHarrierStableT19,0,0.10000000000000009,0.10000000000000009,0.10000000000000009
modPZAECHarrierOverloadT19,0,0.1200000000000001,0.1200000000000001,0.1200000000000001
modPZAECStormStableT19,0,0.08000000000000007,0.08000000000000007,0.08000000000000007
modPZAECStormOverloadT19,0,0.1499999999999999,0.1499999999999999,0.1499999999999999
modPZAECTremorStableT19,0,0.1200000000000001,0.1200000000000001,0.1200000000000001
modPZAECTremorOverloadT19,0,0.19999999999999996,0.19999999999999996,0.19999999999999996
modPZAECWardenStableT19,0,3.0,3.0,3.0
modPZAECWardenOverloadT19,0,6.0,6.0,6.0
modPZAECThreatLensT16,0,2.25,2.25,2.25
modPZAECThreatLensT17,0,3.0,3.0,3.0
modPZAECThreatLensT18,0,4.0,4.0,4.0
modPZAECThreatLensT19,0,5.5,5.5,5.5
modPZAECCoolingSinkT16,0,-1.0,-1.0,-1.0
modPZAECCoolingSinkT16,1,-1.0,-1.0,-1.0
modPZAECCoolingSinkT16,2,-1.0,-1.0,-1.0
modPZAECCoolingSinkT16,3,-1.0,-1.0,-1.0
modPZAECCoolingSinkT16,4,1.0,1.0,1.0
modPZAECCoolingSinkT16,5,1.1,1.1,1.1
modPZAECCoolingSinkT17,0,-1.0,-1.0,-1.0
modPZAECCoolingSinkT17,1,-1.0,-1.0,-1.0
modPZAECCoolingSinkT17,2,-1.0,-1.0,-1.0
modPZAECCoolingSinkT17,3,-1.0,-1.0,-1.0
modPZAECCoolingSinkT17,4,1.25,1.25,1.25
modPZAECCoolingSinkT17,5,1.4,1.4,1.4
modPZAECCoolingSinkT18,0,-1.0,-1.0,-1.0
modPZAECCoolingSinkT18,1,-1.0,-1.0,-1.0
modPZAECCoolingSinkT18,2,-1.0,-1.0,-1.0
modPZAECCoolingSinkT18,3,-1.0,-1.0,-1.0
modPZAECCoolingSinkT18,4,1.6,1.6,1.6
modPZAECCoolingSinkT18,5,1.7999999999999998,1.7999999999999998,1.7999999999999998
modPZAECCoolingSinkT19,0,-1.0,-1.0,-1.0
modPZAECCoolingSinkT19,1,-1.0,-1.0,-1.0
modPZAECCoolingSinkT19,2,-1.0,-1.0,-1.0
modPZAECCoolingSinkT19,3,-1.0,-1.0,-1.0
modPZAECCoolingSinkT19,4,2.0,2.0,2.0
modPZAECCoolingSinkT19,5,2.3,2.3,2.3
modPZAECKineticRecyclerT16,0,-0.4,-0.4,-0.4
modPZAECKineticRecyclerT16,1,0.6499999999999999,0.6499999999999999,0.6499999999999999
modPZAECKineticRecyclerT16,2,0.6499999999999999,0.6499999999999999,0.6499999999999999
modPZAECKineticRecyclerT16,3,0.3500000000000001,0.3500000000000001,0.3500000000000001
modPZAECKineticRecyclerT17,0,-0.5,-0.5,-0.5
modPZAECKineticRecyclerT17,1,0.8500000000000001,0.8500000000000001,0.8500000000000001
modPZAECKineticRecyclerT17,2,0.8500000000000001,0.8500000000000001,0.8500000000000001
modPZAECKineticRecyclerT17,3,0.5,0.5,0.5
modPZAECKineticRecyclerT18,0,-0.6,-0.6,-0.6
modPZAECKineticRecyclerT18,1,1.1,1.1,1.1
modPZAECKineticRecyclerT18,2,1.1,1.1,1.1
modPZAECKineticRecyclerT18,3,0.7,0.7,0.7
modPZAECKineticRecyclerT19,0,-0.7,-0.7,-0.7
modPZAECKineticRecyclerT19,1,1.4,1.4,1.4
modPZAECKineticRecyclerT19,2,1.4,1.4,1.4
modPZAECKineticRecyclerT19,3,0.8999999999999999,0.8999999999999999,0.8999999999999999
modPZAECRepairServoT16,0,1.0,1.0,1.0
modPZAECRepairServoT16,1,2.75,2.75,2.75
modPZAECRepairServoT17,0,1.5,1.5,1.5
modPZAECRepairServoT17,1,3.5,3.5,3.5
modPZAECRepairServoT18,0,2.2,2.2,2.2
modPZAECRepairServoT18,1,4.5,4.5,4.5
modPZAECRepairServoT19,0,3.0,3.0,3.0
modPZAECRepairServoT19,1,6.0,6.0,6.0
modPZAECPhaseRangefinderT16,0,2.25,2.25,2.25
modPZAECPhaseRangefinderT16,1,-0.65,-0.65,-0.65
modPZAECPhaseRangefinderT16,2,1.0,1.0,1.0
modPZAECPhaseRangefinderT17,0,3.0,3.0,3.0
modPZAECPhaseRangefinderT17,1,-0.72,-0.72,-0.72
modPZAECPhaseRangefinderT17,2,1.25,1.25,1.25
modPZAECPhaseRangefinderT18,0,4.0,4.0,4.0
modPZAECPhaseRangefinderT18,1,-0.8,-0.8,-0.8
modPZAECPhaseRangefinderT18,2,1.6,1.6,1.6
modPZAECPhaseRangefinderT19,0,5.5,5.5,5.5
modPZAECPhaseRangefinderT19,1,-0.88,-0.88,-0.88
modPZAECPhaseRangefinderT19,2,2.0,2.0,2.0
modPZAECNearfieldReflexT16,0,2.75,2.75,2.75
modPZAECNearfieldReflexT16,1,0.1499999999999999,0.1499999999999999,0.1499999999999999
modPZAECNearfieldReflexT16,2,0.6499999999999999,0.6499999999999999,0.6499999999999999
modPZAECNearfieldReflexT17,0,3.5,3.5,3.5
modPZAECNearfieldReflexT17,1,0.25,0.25,0.25
modPZAECNearfieldReflexT17,2,0.8500000000000001,0.8500000000000001,0.8500000000000001
modPZAECNearfieldReflexT18,0,4.5,4.5,4.5
modPZAECNearfieldReflexT18,1,0.3999999999999999,0.3999999999999999,0.3999999999999999
modPZAECNearfieldReflexT18,2,1.1,1.1,1.1
modPZAECNearfieldReflexT19,0,6.0,6.0,6.0
modPZAECNearfieldReflexT19,1,0.6000000000000001,0.6000000000000001,0.6000000000000001
modPZAECNearfieldReflexT19,2,1.4,1.4,1.4
modPZAECClosedLoopFeedT16,0,5.5,5.5,5.5
modPZAECClosedLoopFeedT16,1,2.75,2.75,2.75
modPZAECClosedLoopFeedT16,2,0.19999999999999996,0.19999999999999996,0.19999999999999996
modPZAECClosedLoopFeedT17,0,7.0,7.0,7.0
modPZAECClosedLoopFeedT17,1,3.5,3.5,3.5
modPZAECClosedLoopFeedT17,2,0.30000000000000004,0.30000000000000004,0.30000000000000004
modPZAECClosedLoopFeedT18,0,9.0,9.0,9.0
modPZAECClosedLoopFeedT18,1,4.5,4.5,4.5
modPZAECClosedLoopFeedT18,2,0.44999999999999996,0.44999999999999996,0.44999999999999996
modPZAECClosedLoopFeedT19,0,12.0,12.0,12.0
modPZAECClosedLoopFeedT19,1,6.0,6.0,6.0
modPZAECClosedLoopFeedT19,2,0.6499999999999999,0.6499999999999999,0.6499999999999999
modPZAECPulseCapacitorT16,0,2.25,2.25,2.25
modPZAECPulseCapacitorT16,1,2.0,2.0,2.0
modPZAECPulseCapacitorT17,0,3.0,3.0,3.0
modPZAECPulseCapacitorT17,1,3.0,3.0,3.0
modPZAECPulseCapacitorT18,0,4.0,4.0,4.0
modPZAECPulseCapacitorT18,1,4.0,4.0,4.0
modPZAECPulseCapacitorT19,0,5.5,5.5,5.5
modPZAECPulseCapacitorT19,1,5.0,5.0,5.0
modPZAECStanceBreakerT16,0,2.25,2.25,2.25
modPZAECStanceBreakerT16,1,0.6499999999999999,0.6499999999999999,0.6499999999999999
modPZAECStanceBreakerT17,0,3.0,3.0,3.0
modPZAECStanceBreakerT17,1,0.8500000000000001,0.8500000000000001,0.8500000000000001
modPZAECStanceBreakerT18,0,4.0,4.0,4.0
modPZAECStanceBreakerT18,1,1.1,1.1,1.1
modPZAECStanceBreakerT19,0,5.5,5.5,5.5
modPZAECStanceBreakerT19,1,1.4,1.4,1.4
modPZAECGatekeeperHookT16,0,1.0,1.0,1.0
modPZAECGatekeeperHookT16,1,2.25,2.25,2.25
modPZAECGatekeeperHookT17,0,1.0,1.0,1.0
modPZAECGatekeeperHookT17,1,3.0,3.0,3.0
modPZAECGatekeeperHookT18,0,1.0,1.0,1.0
modPZAECGatekeeperHookT18,1,4.0,4.0,4.0
modPZAECGatekeeperHookT19,0,1.0,1.0,1.0
modPZAECGatekeeperHookT19,1,5.5,5.5,5.5
modPZAECEmergencyLinerT16,0,3.0,3.0,3.0
modPZAECEmergencyLinerT16,1,80.0,80.0,80.0
modPZAECEmergencyLinerT16,2,1.0,1.0,1.0
modPZAECEmergencyLinerT17,0,4.0,4.0,4.0
modPZAECEmergencyLinerT17,1,120.0,120.0,120.0
modPZAECEmergencyLinerT17,2,1.0,1.0,1.0
modPZAECEmergencyLinerT18,0,5.0,5.0,5.0
modPZAECEmergencyLinerT18,1,180.0,180.0,180.0
modPZAECEmergencyLinerT18,2,1.0,1.0,1.0
modPZAECEmergencyLinerT19,0,6.0,6.0,6.0
modPZAECEmergencyLinerT19,1,260.0,260.0,260.0
modPZAECEmergencyLinerT19,2,1.0,1.0,1.0
modPZAECInsulatedTreadsT16,0,15.0,15.0,15.0
modPZAECInsulatedTreadsT16,1,0.5,0.5,0.5
modPZAECInsulatedTreadsT16,2,1.0,1.0,1.0
modPZAECInsulatedTreadsT17,0,20.0,20.0,20.0
modPZAECInsulatedTreadsT17,1,0.75,0.75,0.75
modPZAECInsulatedTreadsT17,2,1.0,1.0,1.0
modPZAECInsulatedTreadsT18,0,26.0,26.0,26.0
modPZAECInsulatedTreadsT18,1,1.1,1.1,1.1
modPZAECInsulatedTreadsT18,2,1.0,1.0,1.0
modPZAECInsulatedTreadsT19,0,34.0,34.0,34.0
modPZAECInsulatedTreadsT19,1,1.6,1.6,1.6
modPZAECInsulatedTreadsT19,2,1.0,1.0,1.0
